city_slug,timezone,price_multiplier
moscow,Europe/Moscow,1.20
saint_petersburg,Europe/Moscow,1.15
novosibirsk,Asia/Novosibirsk,1.45
yekaterinburg,Asia/Yekaterinburg,1.35
kazan,Europe/Moscow,1.25
nizhny_novgorod,Europe/Moscow,1.22
chelyabinsk,Asia/Yekaterinburg,1.38
samara,Europe/Samara,1.30
omsk,Asia/Omsk,1.40
rostov_on_don,Europe/Moscow,1.23
ufa,Asia/Yekaterinburg,1.36
krasnoyarsk,Asia/Krasnoyarsk,1.50
perm,Asia/Yekaterinburg,1.37
voronezh,Europe/Moscow,1.24
volgograd,Europe/Volgograd,1.28
krasnodar,Europe/Moscow,1.21
saratov,Europe/Saratov,1.29
tyumen,Asia/Yekaterinburg,1.39
tolyatti,Europe/Samara,1.31
izhevsk,Europe/Samara,1.26
